Date,Open,High,Low,Close,Volume
2015-07-29,42229.73,44118.44,41890.73,42423.44,1608532
2015-07-30,41551.73,41600.16,39566.16,39566.16,2433565
2015-07-31,39517.73,40389.44,39033.44,39324.01,1217552
2015-08-03,39324.01,40389.44,39275.59,39759.87,889689
2015-08-04,39711.44,40486.3,39711.44,40389.44,741063
2015-08-05,40631.58,41164.3,39905.16,40195.73,723011
2015-08-06,40437.87,40825.29,39808.29,39856.72,806351
2015-08-07,39953.58,40098.87,39275.58,39372.44,706498
2015-08-10,39420.87,39469.3,38452.3,39033.44,761267
2015-08-11,39372.44,39469.3,38694.44,38742.87,679248
2015-08-12,38355.44,39905.15,38355.44,39081.87,807710
2015-08-13,39275.58,40002.01,38985.01,39614.58,575165
2015-08-14,39614.58,39614.58,39614.58,39614.58,0
2015-08-17,39808.3,39905.16,39033.44,39033.44,441394
2015-08-18,39081.87,40098.87,39033.44,40050.44,685759
2015-08-19,39856.73,40050.44,38791.3,39178.73,927262
2015-08-20,38985.01,39711.44,38985.01,39178.73,582590
2015-08-21,38113.3,38888.16,38064.87,38549.16,1047950
2015-08-24,38258.58,40147.3,38258.58,38888.16,1284327
2015-08-25,39324.01,40098.87,38597.58,39566.16,1220319
2015-08-26,40195.73,42181.3,40195.73,42084.44,2251863
2015-08-27,43004.58,43246.72,41890.72,41939.15,1359490
2015-08-28,42423.44,43101.44,42375.02,42714.02,1059845
2015-08-31,42956.16,43488.87,42132.87,43101.44,897313
2015-09-01,43004.59,43004.59,41987.59,41987.59,744504
2015-09-02,41358.01,42665.59,41261.16,42665.59,626566
2015-09-03,42665.58,43295.16,42617.16,43101.44,712693
2015-09-04,43101.44,43198.3,41745.44,42132.87,807397
2015-09-07,42084.44,42229.73,41454.87,41842.3,428716
2015-09-08,42181.3,44941.73,41551.73,44651.16,2265288
2015-09-09,45522.87,46007.16,44602.73,45522.87,1602843
2015-09-10,44699.58,45329.16,44166.87,44796.44,1191751
2015-09-11,45038.59,45813.44,44941.73,45571.3,913807
2015-09-14,45765.01,45813.44,43924.73,43973.16,796472
2015-09-15,44360.58,44796.44,43779.44,44457.44,533973
2015-09-16,44796.44,45522.87,44360.59,45522.87,769688
2015-09-17,45813.44,46007.16,45183.87,45426.02,563986
2015-09-18,45571.3,45765.01,44990.15,45716.58,604337
2015-09-21,45038.58,45522.87,44893.3,44941.73,337350
2015-09-22,44941.73,45087.02,43827.87,44602.73,646608
2015-09-23,44166.87,44360.59,43343.59,43343.59,704343
2015-09-24,43198.3,43682.59,42568.73,42907.73,631696
2015-09-25,42810.87,43440.44,42520.3,43392.02,418976
2015-09-30,42568.73,44215.3,42568.73,44215.3,585511
2015-10-01,44263.73,44360.59,43682.59,44215.3,388121
2015-10-02,44699.58,44990.16,43585.73,43585.73,504825
2015-10-05,44021.59,44070.01,43004.59,43149.87,505037
2015-10-06,43440.44,43682.59,43101.44,43392.02,344629
2015-10-07,43392.01,44844.87,42859.3,44844.87,792120
2015-10-08,45329.16,45619.73,44699.59,45522.87,707904
2015-10-12,45910.3,45958.73,45087.01,45668.16,723164
2015-10-13,45668.16,45668.16,44554.3,44651.16,780065
2015-10-14,44748.01,44941.73,43876.3,44699.59,724993
2015-10-15,44118.44,45329.16,44118.44,45280.73,516628
2015-10-16,45280.72,45426.01,44409.01,44505.87,390747
2015-10-19,44651.16,45329.16,44602.73,45329.16,354715
2015-10-20,45522.87,45716.59,45087.01,45377.59,440925
2015-10-21,46007.15,52399.73,45958.73,51915.44,6683944
2015-10-22,52787.15,54336.87,51528.01,51528.01,4787558
2015-10-23,52690.31,53077.73,50559.45,51334.3,1748350
2015-10-26,52206.01,52980.87,51431.16,51915.44,1434821
2015-10-27,51624.87,52593.44,51140.59,51818.59,823764
2015-10-28,51721.73,54143.16,50946.88,52496.59,1702933
2015-10-29,52787.16,53658.88,51140.59,51334.3,1453026
2015-10-30,49881.44,50462.59,47556.87,47556.87,2966810
2015-11-02,47072.59,49300.3,46491.44,49203.45,1233806
2015-11-03,49687.73,50075.16,48719.16,49009.73,924966
2015-11-04,49009.73,49687.73,48283.3,49009.73,797401
2015-11-05,49590.87,49784.58,48719.16,49009.73,430039
2015-11-06,49203.44,49300.3,48138.02,48138.02,634167
2015-11-09,48380.16,49300.3,47411.59,49203.45,852861
2015-11-10,49881.45,51624.88,49590.88,50850.02,1711831
2015-11-11,51624.87,51624.87,49978.3,50365.73,808899
2015-11-12,50946.87,53271.45,50559.45,52980.88,1727509
2015-11-13,52593.45,53658.88,51915.45,53077.73,1517057
2015-11-16,52302.87,52884.02,51915.45,52109.16,810232
2015-11-17,52980.87,54240.02,52496.59,53465.16,1127950
2015-11-18,53562.02,54046.3,52399.73,52496.59,708784
2015-11-19,53077.73,54918.01,52690.3,54530.59,1406026
2015-11-20,55111.73,56080.3,54530.59,54627.45,1112448
2015-11-23,55208.59,55305.44,53465.16,53852.59,710116
2015-11-24,53755.73,54530.59,52593.44,54433.73,1104856
2015-11-25,55111.73,55111.73,53755.73,54336.87,543359
2015-11-26,54724.3,55014.87,53852.59,54336.87,567520
2015-11-27,54240.02,54240.02,53077.73,53077.73,625312
2015-11-30,52787.16,53755.73,52399.73,52496.59,854582
2015-12-01,52496.58,53658.87,52206.01,53271.44,471089
2015-12-02,53465.16,53658.87,52206.02,52206.02,515921
2015-12-03,51915.45,52109.16,50656.31,50850.02,779209
2015-12-04,50365.73,52206.01,50268.87,50946.87,695595
2015-12-07,51721.73,51915.44,50753.16,50753.16,399499
2015-12-08,50753.16,51334.3,49978.3,50075.16,433734
2015-12-09,50268.87,51721.73,49784.59,50656.3,636545
2015-12-10,50559.45,50656.3,47266.3,47508.45,2835812
2015-12-11,47992.73,48331.73,47508.44,47750.59,1132671
2015-12-14,47072.58,47556.87,45958.72,46394.58,1042760
2015-12-15,46297.73,48719.16,46297.73,48428.59,807606
2015-12-16,49300.3,50656.3,48912.87,50075.16,1284490
2015-12-17,50946.87,51528.01,49687.72,50462.58,801149
2015-12-18,49784.59,50656.3,49397.16,49881.45,537807
2015-12-21,50075.16,51043.73,49881.44,50656.3,472441
2015-12-22,51140.59,51140.59,50462.59,51140.59,386465
2015-12-23,51237.44,51721.73,50753.16,50753.16,512920
2015-12-24,51334.3,52980.87,51237.44,51624.87,981000
2015-12-28,52302.87,52496.58,50559.44,50559.44,498091
2015-12-29,51145.08,51828.31,50461.84,51145.08,418750
2015-12-30,51730.71,53097.18,51633.1,52511.55,697754
2016-01-04,52609.16,52609.16,51242.68,51242.68,542920
2016-01-05,50852.26,53194.78,50657.05,52999.57,746137
2016-01-06,52804.36,53878.02,52413.94,53389.99,1039057
2016-01-07,53878.01,55537.3,53585.2,53682.8,2352287
2016-01-08,53194.78,54756.46,52804.36,54561.25,1149750
2016-01-11,54366.04,55244.49,54073.23,54170.83,770483
2016-01-12,54658.86,55927.72,54268.43,55634.91,1218716
2016-01-13,55927.72,56220.54,55146.88,55342.09,826582
2016-01-14,55049.28,56513.36,54951.67,56513.36,1287076
2016-01-15,56806.17,57001.38,54854.07,55342.09,1135720
2016-01-18,54561.26,55146.89,53097.18,53975.62,1143660
2016-01-19,53878.02,54268.44,51535.5,53487.6,1342234
2016-01-20,53487.6,53585.2,51242.68,51535.5,1215714
2016-01-21,51633.1,52999.57,50657.05,51730.71,803698
2016-01-22,53389.99,55634.91,53292.39,55146.88,1836166
2016-01-25,56025.33,56122.93,54951.67,55439.7,715410
2016-01-26,54951.67,55244.49,52609.15,53487.6,1273163
2016-01-27,54268.44,56513.36,53878.02,56415.75,1733436
2016-01-28,56025.33,56610.96,54951.67,56318.14,988435
2016-01-29,56122.94,56610.96,55439.7,56513.36,750954
2016-02-01,56610.96,56610.96,55049.28,55537.3,837096
2016-02-02,55342.09,56122.93,54854.07,55537.3,471778
2016-02-03,54951.68,55049.28,54170.83,54854.07,546077
2016-02-04,54561.25,55146.88,53975.62,55146.88,696357
2016-02-05,55537.3,55732.51,54854.07,55537.3,500536
2016-02-11,53585.2,54854.07,53585.2,54170.83,597358
2016-02-12,54170.83,55830.12,53682.81,54463.65,825998
2016-02-15,56318.14,56806.17,55537.3,56318.14,1334462
2016-02-16,57294.19,58367.85,57196.59,58075.04,1495125
2016-02-17,58075.04,58855.88,57684.62,58172.64,1034187
2016-02-18,58855.87,59343.9,58465.45,58855.88,847811
2016-02-19,58367.86,60027.14,58367.86,59343.91,1150233
2016-02-22,61003.19,61784.03,60710.37,61003.19,1899563
2016-02-23,61588.82,61686.42,60124.74,61100.79,1146615
2016-02-24,61100.8,62467.27,60710.38,61979.24,1104095
2016-02-25,61686.43,62760.08,61296.01,61881.64,697025
2016-02-26,61881.64,62467.27,60515.17,62174.45,1044749
2016-02-29,62760.08,63638.53,62272.05,63345.71,1267755
2016-03-02,64516.97,64516.97,62760.08,63248.11,1023844
2016-03-03,63638.53,63638.53,61491.22,61979.24,1274639
2016-03-04,62076.84,62174.45,59734.32,61198.4,1896352
2016-03-07,61198.4,62369.66,61003.19,61296.0,830377
2016-03-08,62272.06,63248.11,61491.22,61881.64,1178567
2016-03-09,62174.45,62272.05,60710.37,61003.19,675112
2016-03-10,61686.42,61784.03,60807.98,60905.58,752086
2016-03-11,61198.4,61686.42,60905.58,61198.4,571948
2016-03-14,62467.26,62564.87,60905.58,61198.4,904996
2016-03-15,61393.61,61491.22,58660.67,59441.51,1619247
2016-03-16,59539.11,60807.98,58758.27,60417.56,909767
2016-03-17,61198.4,61979.24,60807.98,61296.0,1028533
2016-03-18,61588.82,62369.66,61393.61,61588.82,904363
2016-03-21,62174.45,62760.08,60515.17,60807.98,890225
2016-03-22,61686.42,61686.42,60807.98,61491.21,724229
2016-03-23,61881.64,62857.69,61588.82,62467.27,912654
2016-03-24,62369.66,62467.26,60612.77,61003.19,749022
2016-03-25,61296.0,61296.0,59734.32,60027.14,684017
2016-03-28,60027.14,60515.16,59539.11,60319.95,350264
2016-03-29,60515.16,60710.37,59831.93,60319.95,515459
2016-03-30,60807.98,61686.42,60515.16,61296.0,708069
2016-03-31,61491.21,61491.21,59148.69,60124.74,962220
2016-04-01,60417.56,60417.56,58758.28,59441.51,1206798
2016-04-04,60515.16,61296.0,59636.72,61296.0,807071
2016-04-05,61393.61,61784.03,60807.98,61198.4,500463
2016-04-06,61491.21,61784.03,60319.95,61296.0,751550
2016-04-07,61784.03,63150.5,60612.77,61100.79,1236641
2016-04-08,61198.4,62174.45,60710.38,62174.45,835931
2016-04-11,62955.29,63150.5,61979.24,62760.08,1012659
2016-04-12,62760.08,63150.5,61296.0,61491.21,1373137
2016-04-14,61686.42,62564.87,61686.42,62272.05,1146213
2016-04-15,62369.66,62467.26,61296.0,61393.61,658721
2016-04-18,61198.4,62467.27,61003.19,62369.66,696540
2016-04-19,61979.24,62369.66,60417.56,61003.19,1049789
2016-04-20,61296.01,61393.61,59831.93,59929.54,835015
2016-04-21,60319.95,60710.37,59831.93,60417.56,629811
2016-04-22,60124.74,60807.98,59929.53,60515.16,468610
2016-04-25,60319.95,60807.98,59539.11,59734.32,550337
2016-04-26,59831.93,60124.74,57782.22,57977.43,1611007
2016-04-27,57977.43,58367.85,56415.75,56806.17,1554046
2016-04-28,57196.59,57782.22,56610.96,56806.17,997708
2016-04-29,57489.4,57684.61,56415.75,56806.17,1189751
2016-05-02,56806.17,58075.04,56025.33,57587.01,872549
2016-05-03,58172.64,58367.85,57196.59,57879.82,617908
2016-05-04,57782.22,58075.04,56903.77,58075.04,708577
2016-05-09,57587.01,57684.62,54658.86,54756.46,1740307
2016-05-10,54463.65,56220.54,54170.83,55634.91,1156886
2016-05-11,56122.94,56220.54,53194.78,53878.02,2075526
2016-05-12,53682.81,53975.62,52804.36,52999.57,1520491
2016-05-13,53292.39,53585.2,52316.34,52413.94,1019051
2016-05-16,52511.54,53682.8,52511.54,53292.38,590167
2016-05-17,53682.81,53975.62,52999.57,53097.18,465300
2016-05-18,53097.18,53878.02,52413.94,52609.15,799045
2016-05-19,52804.36,53194.78,52316.33,52706.75,531879
2016-05-20,52706.75,52901.96,50266.63,50657.05,1775509
2016-05-23,50949.87,52023.52,50949.87,51535.5,739639
2016-05-24,51633.1,52413.94,51535.5,51730.71,519211
2016-05-25,52316.34,52413.94,51340.29,51730.71,637123
2016-05-26,51925.91,53292.39,51730.7,52121.12,638944
2016-05-27,52706.76,54463.65,52609.15,54268.44,1153816
2016-05-30,54756.46,55049.28,53682.81,54366.04,767791
2016-05-31,54951.68,55146.89,53975.62,54756.46,933757
2016-06-01,54756.46,55634.91,54658.86,54756.46,544499
2016-06-02,54561.25,54658.85,53097.17,53194.78,647427
2016-06-03,52999.57,54073.22,52218.73,53194.78,562951
2016-06-07,53292.39,53878.02,52804.36,52999.57,655930
2016-06-08,52804.36,53097.18,52023.52,53097.18,887520
2016-06-09,53975.62,55927.72,53780.41,55049.28,1539831
2016-06-10,55537.3,55830.12,54756.46,55049.28,502108
2016-06-13,54463.65,55049.28,54170.83,54463.65,392941
2016-06-14,54366.04,54463.64,52999.57,53292.38,548243
2016-06-15,53389.99,53878.02,52218.73,52901.96,589932
2016-06-16,53292.39,53487.6,52218.73,52316.34,430753
2016-06-17,52511.55,53194.78,52121.13,52609.15,500452
2016-06-20,53487.6,54854.07,53292.39,54756.46,691974
2016-06-21,54170.83,54463.65,53682.81,54366.04,399103
2016-06-22,54268.43,54268.43,53194.78,53585.2,501106
2016-06-23,53487.6,54268.44,53097.18,53878.02,436187
2016-06-24,54561.25,54561.25,50754.65,51047.47,1291330
2016-06-27,49681.0,51340.28,49388.18,50754.65,832384
2016-06-28,50657.05,52121.13,50364.24,51730.71,557900
2016-06-29,52218.73,52901.97,51535.5,52413.94,377468
2016-06-30,52804.36,52901.97,52023.52,52609.15,441219
2016-07-01,53194.78,53878.02,52804.36,53780.41,609842
2016-07-04,53389.99,54951.67,52999.57,54951.67,606923
2016-07-05,54658.86,55146.88,54170.83,54561.25,457414
2016-07-06,54463.65,55244.49,53389.99,53780.41,557909
2016-07-07,54170.83,55537.3,53682.81,55049.28,725132
2016-07-08,55537.31,56025.33,54756.47,54854.07,642248
2016-07-11,54756.47,55244.49,53585.2,53780.41,1028224
2016-07-12,53975.62,55342.09,53487.6,55049.28,842443
2016-07-13,55244.49,55537.3,53878.02,54268.44,855891
2016-07-14,54463.65,55146.88,53878.02,54561.25,625935
2016-07-15,54658.86,54951.67,54170.83,54268.44,509023
2016-07-18,54756.46,54951.67,53780.41,54073.23,364989
2016-07-19,54170.83,54268.44,53194.78,53780.41,455834
2016-07-20,53585.2,54073.23,52901.97,52999.57,397794
2016-07-21,53097.18,53292.39,50754.66,51535.5,1796452
2016-07-22,51828.31,52121.12,51437.89,51925.91,712108
2016-07-25,52023.52,52804.36,51925.91,52121.12,489554
2016-07-26,51925.91,53194.78,51828.31,53097.18,520865
2016-07-27,53389.99,54951.68,53194.78,54854.07,969776
2016-07-28,54658.86,55244.49,53487.59,53682.8,796703
2016-07-29,53780.41,54170.83,52121.13,52218.73,979250
2016-08-01,52609.15,52901.97,51925.92,52316.34,511517
2016-08-02,52316.34,52413.94,51633.1,51633.1,389732
2016-08-03,51437.89,52121.13,51437.89,51437.89,414150
2016-08-04,51828.31,51925.92,51047.47,51242.68,660223
2016-08-05,51340.28,52316.34,51340.28,52218.73,726247
2016-08-08,52413.94,52609.15,51242.68,51437.89,525468
2016-08-09,51730.71,52609.15,51633.1,52413.94,666942
2016-08-10,52511.55,52511.55,51437.89,52023.52,821138
2016-08-11,51828.31,51828.31,51242.68,51242.68,501118
2016-08-12,51437.89,51828.31,50949.87,51145.08,631535
2016-08-16,51730.71,52121.13,51535.5,51535.5,500438
2016-08-17,51925.91,52218.73,51535.49,52121.12,614904
2016-08-18,52218.73,52413.94,51535.49,51828.31,427221
2016-08-19,51828.31,51925.91,50852.25,50949.86,931376
2016-08-22,51047.47,52023.52,51047.47,51145.08,540501
2016-08-23,51437.89,51535.5,50169.02,50266.63,737608
2016-08-24,50364.24,50461.84,49778.61,49876.21,653161
2016-08-25,50169.02,51047.46,50169.02,50852.25,579633
2016-08-26,50852.25,50949.86,50266.62,50852.25,354347
2016-08-29,50852.26,50949.86,50169.02,50266.63,353607
2016-08-30,50364.23,51145.07,50364.23,50949.86,405074
2016-08-31,50754.65,51730.71,50266.63,50266.63,682642
2016-09-01,51047.47,51145.08,49778.61,49876.21,732564
2016-09-02,50266.63,50559.44,50071.42,50266.63,495103
2016-09-05,50657.05,52023.52,50657.05,51828.31,925082
2016-09-06,51730.71,52706.76,51437.89,52609.15,855259
2016-09-07,52901.97,53194.78,51535.5,51633.1,955324
2016-09-08,52121.12,52511.54,50559.44,50559.44,1192036
2016-09-09,50657.05,50754.65,49973.81,50266.63,684075
2016-09-12,50559.44,50852.26,49973.81,49973.81,875347
2016-09-13,50169.03,50364.24,48802.55,48802.55,1060793
2016-09-19,48753.75,49290.58,48607.34,48802.55,638793
2016-09-20,48900.16,49095.37,47972.91,48021.71,1057822
2016-09-21,48070.51,49095.37,48070.51,49095.37,831122
2016-09-22,49485.79,49681.0,48558.54,48558.54,699899
2016-09-23,48997.77,49192.98,48704.95,48900.16,444660
2016-09-26,49290.58,49388.18,48704.95,48704.95,388880
2016-09-27,48656.15,49095.37,48412.13,48997.77,412254
2016-09-28,48900.16,48997.76,47826.5,47826.5,1095284
2016-09-29,48070.52,48363.33,47533.69,47631.29,782458
2016-09-30,47631.29,47924.1,46704.04,46752.84,1014013
2016-10-04,47045.66,47192.07,46069.61,46216.02,1161282
2016-10-05,45727.99,47533.68,45727.99,46996.86,1122116
2016-10-06,46850.45,47875.3,46752.84,47436.08,774820
2016-10-07,48216.92,48265.72,46752.84,47240.87,810009
2016-10-10,47533.68,49973.81,47436.08,49681.0,1730902
2016-10-11,50364.23,52218.73,50071.42,52218.73,2898941
2016-10-12,52413.94,52901.97,50266.63,50364.23,2135115
2016-10-13,50657.05,50754.66,48704.95,48997.77,1263334
2016-10-14,49192.97,50071.42,48997.76,49095.37,681536
2016-10-17,49290.58,49583.4,48802.55,48802.55,435232
2016-10-18,48900.16,49192.97,48216.92,48704.95,570624
2016-10-19,48997.76,49485.79,48656.15,48704.95,455099
2016-10-20,49192.97,49485.79,48753.75,49485.79,371101
2016-10-21,49778.6,49778.6,49095.37,49095.37,396235
2016-10-24,49583.39,50266.63,49485.79,50071.42,469435
2016-10-25,49681.0,49973.82,48900.16,48900.16,610553
2016-10-26,48802.55,49095.37,48460.93,49095.37,467423
2016-10-27,49095.36,49192.97,47875.3,47972.91,945087
2016-10-28,47680.1,47728.9,46411.23,46460.03,1476994
2016-10-31,46216.02,46996.86,45874.4,46655.24,746977
2016-11-01,46460.03,46508.83,45825.6,46216.02,606342
2016-11-02,46020.81,46752.85,45972.0,46264.82,548417
2016-11-03,46411.23,47240.87,46118.41,46362.43,716257
2016-11-04,46460.03,46508.83,45874.4,45972.0,418742
2016-11-07,46460.03,46606.44,46020.81,46216.02,444815
2016-11-08,46411.23,46704.04,46216.02,46606.44,455848
2016-11-09,46850.45,46899.25,44117.51,44605.53,1461344
2016-11-10,45288.77,45923.2,45093.56,45581.58,896687
2016-11-11,45386.37,45532.78,44507.93,44654.34,719669
2016-11-14,45874.4,46216.02,45093.56,45288.77,752247
2016-11-15,44995.95,46704.04,44995.95,45923.2,725313
2016-11-16,46069.61,46606.44,45874.4,45874.4,476989
2016-11-17,45532.78,46167.21,45532.78,45727.99,312645
2016-11-18,45776.79,45972.0,44898.34,45727.99,514155
2016-11-21,45581.58,45727.99,44947.15,44947.15,397425
2016-11-22,45142.36,45386.37,44654.33,44800.74,411221
2016-11-23,44800.74,45679.19,44800.74,45483.98,611177
2016-11-24,45435.18,45679.19,44898.35,44898.35,308749
2016-11-25,44995.95,45142.36,44605.53,44703.14,270431
2016-11-28,44654.34,44703.14,44166.31,44215.11,526862
2016-11-29,44117.51,45044.75,44117.51,44263.91,566553
2016-11-30,44312.72,44556.73,43824.69,43824.69,646673
2016-12-01,43629.48,45337.57,43629.48,45142.36,667213
2016-12-02,45191.16,45337.57,44800.74,45239.96,450435
2016-12-05,45191.16,45239.97,44507.93,44898.35,357553
2016-12-06,44995.95,46118.41,44995.95,45972.0,644517
2016-12-07,46118.41,46362.42,45679.19,45825.59,549707
2016-12-08,46362.43,46655.24,46118.41,46362.43,545953
2016-12-09,46460.03,47289.67,46411.23,46801.65,743986
2016-12-12,46752.84,47436.08,46704.04,46996.86,598286
2016-12-13,46850.45,47728.9,46606.44,47680.09,666506
2016-12-14,47924.11,47972.91,46996.86,47143.27,609882
2016-12-15,46704.04,47045.66,46264.82,46996.86,643676
2016-12-16,46704.04,46899.25,46460.03,46704.04,491284
2016-12-19,46655.24,47192.07,46460.03,46557.64,390223
2016-12-20,46752.85,47045.66,46655.24,46655.24,283044
2016-12-21,46557.63,47240.87,46557.63,47045.66,395898
2016-12-22,47045.66,48412.13,47045.66,48216.92,864243
2016-12-23,48168.11,48558.53,48021.71,48460.93,446610
2016-12-26,48607.34,49778.6,48168.12,49681.0,951361
2016-12-27,49681.0,50169.02,49192.97,49681.0,731183
2016-12-28,49976.13,51353.43,49877.76,50664.78,965048
2016-12-29,50566.4,51156.67,50369.65,50763.16,482241
2017-01-02,50959.92,51451.81,50763.16,50763.16,431474
2017-01-03,50959.92,53517.75,50959.92,53419.37,1715000
2017-01-04,53320.99,53616.13,52238.83,52927.48,1262418
2017-01-05,53124.24,54796.67,52533.97,52730.72,1428250
2017-01-06,52927.48,53124.24,51550.18,51746.94,1382362
2017-01-09,51451.81,52730.72,50369.65,52730.72,1555889
2017-01-10,52238.83,52337.21,50959.91,50959.91,956045
2017-01-11,50861.54,51451.81,50369.65,51156.67,979211
2017-01-12,51255.05,52533.97,51255.05,52435.59,795012
2017-01-13,52238.83,52632.35,51648.57,52042.08,555164
2017-01-16,52042.08,52435.59,51058.3,51943.7,681671
2017-01-17,51451.81,52140.46,51451.81,51550.19,451998
2017-01-18,51943.7,53025.86,51648.56,52829.1,938989
2017-01-19,52829.1,53812.88,52435.59,53616.12,1070070
2017-01-20,53517.75,53616.13,53124.24,53222.61,432160
2017-01-23,53222.62,53616.13,52435.59,52533.97,345819
2017-01-24,52435.59,53320.99,52435.59,53222.61,450680
2017-01-25,53419.37,54501.53,52632.34,53320.99,1121403
2017-01-26,54108.02,54599.91,52337.21,52337.21,1226161
2017-01-31,52632.35,54796.67,52533.97,54501.53,1376669
2017-02-01,54895.05,57059.37,54895.05,56960.99,2286272
2017-02-02,57551.26,58436.66,56370.72,57354.5,1824780
2017-02-03,57748.01,58141.53,56469.1,57256.12,780014
2017-02-06,57846.39,58141.53,56764.23,57649.64,852582
2017-02-07,57944.77,58338.28,57256.12,57846.39,754879
2017-02-08,58043.15,59420.44,57649.63,59420.44,1795800
2017-02-09,59420.44,60896.11,59125.31,60502.6,1352533
2017-02-10,60797.74,60896.12,60207.47,60305.85,740823
2017-02-13,60600.98,60994.49,58633.42,59715.58,1012067
2017-02-14,60010.71,60600.98,59617.2,60600.98,720671
2017-02-15,60699.36,61879.9,60699.36,61191.25,899514
2017-02-16,61289.63,61683.14,60305.85,61683.14,727097
2017-02-17,61584.77,61683.14,60207.47,60404.23,795235
2017-02-20,60109.09,61092.87,59715.58,60994.49,481297
2017-02-21,61092.87,61781.52,60896.11,61092.87,443630
2017-02-22,61683.14,61978.27,61289.63,61879.89,703290
2017-02-23,61879.9,62273.41,61191.25,62076.66,773393
2017-02-24,62175.03,62568.54,61191.25,61683.14,825344
2017-02-27,62175.03,62175.03,57846.39,58043.15,2350933
2017-02-28,57748.01,59026.93,57256.12,58830.17,1519971
2017-03-02,59715.58,61191.25,59617.2,60600.98,1329490
2017-03-03,60305.85,61388.01,59617.2,61191.25,1001078
2017-03-06,60502.6,60994.49,58928.55,59322.06,959701
2017-03-07,60600.98,62273.41,60502.6,62273.41,1734620
2017-03-08,62371.79,64339.35,62273.41,63847.46,1777042
2017-03-09,64437.73,64732.86,63060.43,63749.08,1196256
2017-03-10,63158.82,63749.09,62765.3,63060.44,940025
2017-03-13,63945.84,64634.49,63453.95,64240.97,733138
2017-03-14,65618.27,66306.92,65519.89,66011.78,1602346
2017-03-15,66208.54,66798.81,65716.65,66700.43,891284
2017-03-16,67290.7,67389.08,65913.41,66995.57,916464
2017-03-17,66798.81,68569.62,66602.06,67782.59,1175426
2017-03-20,67389.08,67487.46,65618.27,66110.16,1130043
2017-03-21,66798.81,66798.81,65421.51,65815.02,1356321
2017-03-22,66208.54,68471.24,66208.54,68077.73,1353787
2017-03-23,69061.5,71029.07,68963.13,70832.31,2098932
2017-03-24,71816.1,72701.5,70438.8,71029.07,1365959
2017-03-27,71422.58,71422.58,69258.26,70143.66,868109
2017-03-28,70832.32,70930.69,68667.99,69553.4,932883
2017-03-29,69258.26,69848.53,68077.72,68963.12,1062889
2017-03-30,68963.13,69061.51,65421.52,66995.57,2225859
2017-03-31,67192.33,67585.84,65815.03,66798.81,1201094
2017-04-03,67290.7,68766.37,67192.32,67585.84,964628
2017-04-04,68077.72,68077.72,66897.19,67192.32,583153
2017-04-05,67192.32,67880.97,65421.52,66110.16,1116475
2017-04-06,65815.02,69553.39,65224.75,69455.02,1571616
2017-04-07,70045.29,71029.07,68668.0,69750.16,1754356
2017-04-10,69553.4,69750.16,66798.81,66798.81,1306155
2017-04-11,66995.56,68667.99,66995.56,68372.86,1032197
2017-04-12,68864.76,68963.13,67782.6,67979.35,555051
2017-04-13,68176.1,69159.89,68077.72,68372.86,550004
2017-04-14,67880.97,67880.97,66700.43,67192.32,492819
2017-04-17,67585.83,69061.5,67585.83,68471.23,558900
2017-04-18,68864.75,69159.88,67782.59,68864.75,544965
2017-04-19,69553.4,70340.42,68963.13,69553.4,947412
2017-04-20,70143.66,70242.04,69258.26,69946.91,718589
2017-04-21,69946.91,70143.67,69258.26,69848.53,581937
2017-04-24,70242.05,71029.07,70143.67,70537.18,551940
2017-04-25,70832.31,71029.07,70340.42,71029.07,545785
2017-04-26,71619.35,71717.73,71127.46,71520.97,640000
2017-04-27,71520.96,72209.61,70832.31,71127.45,608575
2017-04-28,70832.32,70930.7,67585.84,67979.35,2295287
2017-05-02,68471.24,69848.53,68077.73,69258.27,1301950
2017-05-04,70635.56,71225.83,70045.29,70537.18,799566
2017-05-08,71717.72,75751.23,71717.72,75751.23,2624129
2017-05-10,75849.6,77522.03,74669.07,75062.58,1904728
2017-05-11,75751.23,78505.82,75652.85,78505.82,1876649
2017-05-12,78899.33,79981.49,78013.92,79883.11,1589519
2017-05-15,80473.38,80473.38,77915.54,79686.35,1261164
2017-05-16,80079.87,80670.14,77325.28,77718.79,1357416
2017-05-17,78210.68,79587.97,78112.3,78702.57,857014
2017-05-18,77522.04,78407.44,77226.9,77817.17,716864
2017-05-19,78309.06,80079.87,78112.3,80079.87,1094715
2017-05-22,80866.89,80965.27,79784.73,80276.62,585488
2017-05-23,80866.89,80866.89,79686.36,79784.73,573284
2017-05-24,79883.11,81063.64,79587.97,80965.27,538991
2017-05-25,81457.16,81457.16,80375.0,80965.27,513491
2017-05-26,80965.27,81063.65,79981.49,80571.76,665382
2017-05-29,80375.0,82932.84,80375.0,82145.81,823722
2017-05-30,82342.57,82736.08,80965.27,82145.81,525707
2017-05-31,82145.81,82244.18,80768.51,81162.02,714803
2017-06-01,81358.78,81555.54,79981.48,79981.48,628909
2017-06-02,80768.51,85490.67,80768.51,85195.53,1869364
2017-06-05,86277.69,87458.23,85490.67,85884.18,998730
2017-06-07,85293.91,85687.43,83523.1,83916.62,1346470
2017-06-08,84408.51,86376.07,83621.48,85392.29,1330511
2017-06-09,86080.94,87359.85,85884.18,86867.96,896973
2017-06-12,85392.29,85589.04,83818.24,84211.75,1341050
2017-06-13,83621.48,84703.64,82440.94,84408.51,1213895
2017-06-14,84998.78,86572.83,84015.0,84506.89,987899
2017-06-15,84506.88,86277.69,83916.62,85884.18,877550
2017-06-16,85785.8,86080.94,84408.51,84703.64,737508
2017-06-19,84703.65,85490.67,83424.73,84802.02,662054
2017-06-20,85884.18,86080.94,84310.13,84605.27,628514
2017-06-21,84605.27,84900.4,82736.08,84506.89,722785
2017-06-22,83916.62,84703.64,79981.49,80571.76,2179462
2017-06-23,81162.03,82736.08,80473.38,82736.08,1151493
2017-06-26,83227.97,84113.37,82244.19,83719.86,734655
2017-06-27,82932.83,83424.72,80866.89,80965.27,1431967
2017-06-28,80571.76,80670.14,77226.9,78013.93,1989102
2017-06-29,78997.71,79883.11,78210.68,78407.44,1018774
2017-06-30,77226.9,79391.22,76833.39,78899.33,997360
2017-07-03,79096.09,80965.27,78997.71,79587.98,928999
2017-07-04,79194.46,79489.6,78309.06,78604.2,566386
2017-07-05,78604.2,79981.49,78112.3,78604.2,648725
2017-07-06,79194.46,79292.84,75357.71,75849.6,1965678
2017-07-07,75160.96,75160.96,72603.12,72701.5,2330893
2017-07-10,71520.96,71619.34,69553.4,69651.77,3056226
2017-07-11,70143.67,70832.31,68864.75,70340.42,1546488
2017-07-12,70832.31,71816.09,69651.77,69651.77,1208011
2017-07-13,70143.67,71324.21,69848.53,70045.29,1363044
2017-07-14,70733.94,71029.07,67880.97,68372.86,1764528
2017-07-17,68766.37,69258.26,68569.61,68963.12,741053
2017-07-18,69159.88,69553.4,68471.24,68864.75,660135
2017-07-19,69061.51,70242.04,69061.51,69356.64,1017542
2017-07-20,69750.16,70045.29,68077.73,68274.48,956192
2017-07-21,68668.0,68963.13,67093.95,67093.95,1015026
2017-07-24,67093.94,67290.7,65618.27,66405.3,1417600
2017-07-25,66405.3,67093.94,66208.54,66405.3,838858
2017-07-26,66798.81,67585.84,66208.54,66798.81,1066820
2017-07-27,67093.94,67192.32,65224.76,65421.51,1371488
2017-07-28,65716.64,66700.43,65224.75,65618.27,1282188
2017-07-31,65913.4,66503.67,65421.51,66011.78,659263
2017-08-01,66897.19,68471.24,66700.43,67192.32,1485811
2017-08-02,68077.73,68372.86,66208.54,67290.7,838130
2017-08-03,67782.59,68077.73,66995.57,67290.7,838838
2017-08-04,67880.96,70930.69,67684.21,70635.55,1976833
2017-08-07,71127.44,71520.96,70340.42,70438.8,947809
2017-08-08,70930.69,71029.07,69159.88,70438.8,713434
2017-08-09,69553.4,70340.43,69356.64,70242.05,690037
2017-08-10,70242.05,72898.26,70242.05,72504.75,1796419
2017-08-11,71422.58,73488.53,70438.8,72209.61,1581856
2017-08-14,72996.64,73488.53,71816.1,72504.75,798565
2017-08-16,72799.88,73291.77,71914.48,72799.88,769023
2017-08-17,72799.88,72996.64,71816.1,72406.37,662603
2017-08-18,71422.59,72111.24,70832.32,71816.1,751321
2017-08-21,71619.34,74669.07,71619.34,74570.69,1159623
2017-08-22,74767.44,75160.95,74078.79,74472.3,697166
2017-08-23,74964.2,77226.9,74865.82,76243.12,1309345
2017-08-24,76538.25,76735.0,75357.71,76144.73,811372
2017-08-25,76538.25,76636.62,75554.46,76439.87,442385
2017-08-28,76243.12,76341.49,74669.07,75062.58,553675
2017-08-29,74275.55,74275.55,72209.61,73193.39,1540731
2017-08-30,74275.55,81063.64,73980.41,80965.27,3932544
2017-08-31,81358.78,81457.16,78899.33,80178.24,1889427
2017-09-01,81555.55,82932.84,79686.36,82244.2,1944745
2017-09-04,82244.2,82244.2,82244.2,82244.2,0
2017-09-05,81949.05,85589.05,81949.05,85097.16,2612281
2017-09-06,85589.05,85982.56,83916.62,83916.62,1564911
2017-09-07,84506.89,85687.43,83621.48,83916.62,1268664
2017-09-08,84310.13,84408.5,80866.89,81162.02,1944947
2017-09-11,81949.05,82244.19,80178.25,81752.3,1501501
2017-09-12,82440.94,82539.32,81063.64,81653.91,937921
2017-09-13,82440.94,87064.71,82342.56,85982.55,2808612
2017-09-14,86277.69,86867.96,85195.53,86474.45,1709823
2017-09-15,85982.57,90016.07,85884.19,88048.51,2655625
2017-09-18,89327.42,90803.1,88343.64,89524.18,1506118
2017-09-19,89524.18,89524.18,86966.35,87556.62,1473897
2017-09-20,87851.74,87851.74,85097.15,85195.53,1666502
2017-09-21,85195.54,86966.35,83326.35,84998.78,1397736
2017-09-25,85392.29,86572.83,82440.94,82932.84,1536892
2017-09-26,82932.84,82932.84,82932.84,82932.84,0
2017-09-27,80670.14,82047.43,79686.35,79883.11,973194
2017-09-28,79981.49,80079.87,77620.41,78800.95,1379732
2017-09-29,79096.08,81162.03,78899.33,81063.65,909359
2017-10-10,78407.43,80178.24,77620.41,79489.59,2417240
2017-10-11,80768.51,86572.82,80473.37,85982.55,3091409
2017-10-12,86179.31,90212.82,86080.93,86474.45,2679580
2017-10-13,87851.74,89032.28,86572.83,87064.72,1148910
2017-10-16,87950.13,90212.83,87359.86,87851.75,1370439
2017-10-17,87359.86,89425.8,86277.7,88343.64,1201400
2017-10-18,89032.28,90212.82,88245.26,88933.91,1235889
2017-10-19,90016.07,95918.76,89130.66,94934.98,4384919
2017-10-20,94934.98,95230.11,92770.66,93754.44,1516859
2017-10-23,94049.57,96902.54,93262.55,95623.62,1696409
2017-10-24,95328.49,96607.4,91885.25,91885.25,1526327
2017-10-25,93065.79,94344.7,91393.36,92377.14,1127777
2017-10-26,92672.27,93360.92,90999.85,91196.6,1028083
2017-10-27,91983.63,93951.2,90606.34,91294.98,1312328
2017-10-30,91983.64,94147.96,91098.23,93262.55,1146628
2017-10-31,93754.44,94541.47,89327.42,89524.18,2091668
2017-11-01,89622.56,91885.25,89130.66,90803.09,1413470
2017-11-02,90999.85,92672.28,89032.28,90114.45,1238258
2017-11-03,90311.2,91491.74,89524.18,90507.96,865372
2017-11-06,90212.82,92967.41,90212.82,91688.49,1470396
2017-11-07,91393.36,91983.63,89524.18,89819.31,1081425
2017-11-08,89524.17,90999.85,89229.04,90901.47,740499
2017-11-09,91294.98,95426.87,91196.6,94443.09,2106195
2017-11-10,94443.09,94836.6,92377.15,92869.04,1074369
2017-11-13,92869.03,93656.05,90901.47,91491.73,877548
2017-11-14,90999.85,91491.74,88835.53,90016.07,1235545
2017-11-15,90606.34,90704.72,89130.66,89819.31,850027
2017-11-17,91590.12,92278.77,90704.71,91098.23,750975
2017-11-20,91491.74,92180.38,90704.71,90704.71,617288
2017-11-21,90803.09,91491.74,89425.8,91393.36,705381
2017-11-22,90999.85,95230.11,90999.85,94344.71,1671226
2017-11-24,92082.01,92869.03,91491.74,91885.25,404062
2017-11-27,91983.63,92869.03,90606.33,90704.71,663809
2017-11-28,90999.85,91786.88,89720.93,90311.2,608339
2017-11-29,90999.85,91294.98,89130.66,89917.69,679015
2017-11-30,89819.32,90507.96,88048.51,88540.4,898094
2017-12-01,89130.66,92377.14,89032.28,91983.62,840847
2017-12-04,92082.01,92869.04,90999.85,92869.04,551331
2017-12-05,92377.15,93262.56,91688.5,92770.66,458094
2017-12-06,92573.9,94934.98,92082.01,92082.01,862910
2017-12-07,92967.41,94934.98,92475.52,94639.84,1287867
2017-12-08,94443.09,95623.63,92672.28,92967.41,794868
2017-12-11,94344.71,95230.11,93262.55,95131.73,786713
2017-12-12,94443.08,97099.3,94443.08,96410.65,1318613
2017-12-13,96410.65,96705.79,95328.49,96312.27,723184
2017-12-14,96312.27,102313.35,96312.27,99853.89,2495201
2017-12-15,101329.57,104280.91,100837.68,103789.02,1496469
2017-12-18,104772.8,104772.8,101329.56,102313.34,716415
2017-12-19,102805.24,104280.91,100837.67,101821.45,825856
2017-12-21,100837.67,101329.56,96804.16,97689.56,1115976
2017-12-22,98870.11,99853.89,97787.95,98378.22,591818
2017-12-26,99853.89,100837.67,97591.19,97591.19,934572
2017-12-27,100258.15,105690.86,99764.27,105690.86,1187463
2017-12-28,105690.87,108160.28,103715.34,104703.1,822274
2018-01-03,108160.27,109148.04,106184.74,108160.27,627983
2018-01-04,109148.04,109641.93,103715.34,104703.1,977691
2018-01-05,104703.1,110135.8,104703.1,109641.92,883832
2018-01-08,112111.34,112605.22,102233.69,103715.34,2480029
2018-01-09,103715.33,108654.16,103715.33,107666.39,1387659
2018-01-10,107666.39,110135.8,106184.74,107666.39,909012
2018-01-11,108654.16,109641.92,107172.51,109148.04,791790
2018-01-12,109148.04,110135.8,105690.86,108160.27,823474
2018-01-15,108160.27,108654.15,104703.09,105690.86,695438
2018-01-16,105196.98,107172.51,103715.33,106678.62,555065
2018-01-17,107172.51,111617.45,106678.63,109148.04,815085
2018-01-18,110629.68,110629.68,106184.74,106184.74,503773
2018-01-19,105690.86,108160.27,105196.98,106184.74,533503
2018-01-22,107172.51,107666.39,105196.98,107666.39,469543
2018-01-23,106184.74,108654.16,102233.68,108160.27,1166939
2018-01-24,106184.75,107172.51,100752.04,101245.92,1406328
2018-01-25,101245.92,103221.45,99764.27,102233.69,899675
2018-01-26,103221.45,104209.22,101245.92,101739.8,777285
2018-01-29,101739.8,102727.57,99764.27,100752.04,1031365
2018-01-30,100258.16,101739.8,99270.39,99764.27,735284
2018-01-31,99270.39,101739.8,98776.51,101245.92,804156
2018-02-01,101739.8,102727.57,99764.27,102233.69,860002
2018-02-02,101739.8,102233.69,98677.73,99764.27,975164
2018-02-05,98183.85,98381.4,96010.77,96504.65,745562
2018-02-06,93738.91,95516.89,92257.26,94924.23,1094871
2018-02-07,96800.98,99270.39,94825.45,95319.33,1082264
2018-02-08,96010.76,98480.18,95911.99,98085.07,813467
2018-02-09,95319.33,96998.53,95023.0,95121.77,645790
2018-02-12,96109.54,97097.31,95220.55,95516.88,390757
2018-02-13,96208.32,99764.27,95319.33,97986.3,782907
2018-02-14,98776.51,99764.27,95714.44,96010.77,570366
2018-02-19,98183.85,101739.8,97689.97,101245.92,893618
2018-02-20,101245.92,103221.45,100258.16,102727.57,632252
2018-02-21,102233.69,102727.57,98776.51,99764.27,895703
2018-02-22,100258.15,101739.8,97986.29,98578.95,572286
2018-02-23,98776.51,100752.04,97788.74,100752.04,502137
2018-02-26,101739.8,101739.8,99270.39,100752.04,480011
2018-02-27,101739.8,102233.69,99270.39,99270.39,386397
2018-02-28,98776.51,101245.92,98677.73,98677.73,508365
2018-03-02,98183.85,100258.16,96800.98,99764.27,499607
2018-03-05,100258.16,103221.45,100258.16,102233.69,866063
2018-03-06,103715.34,104703.1,101245.92,104703.1,813711
2018-03-07,105196.98,107666.39,103715.33,105690.86,1125599
2018-03-08,107172.51,107666.39,104209.21,105690.86,911403
2018-03-09,107666.39,109148.04,106678.63,107666.39,830465
2018-03-12,109148.04,109641.92,107172.51,108160.27,573289
2018-03-13,109148.04,112605.22,108160.28,112111.34,1151725
2018-03-14,111123.57,112605.22,109641.92,111617.45,754011
2018-03-15,112111.33,112111.33,107666.39,109641.92,753489
2018-03-16,109641.92,110135.8,107666.39,109148.04,639540
2018-03-19,109148.04,111123.57,108654.16,109641.92,302806
2018-03-20,108654.16,109641.92,107666.39,108654.16,488409
2018-03-21,108160.28,111123.57,108160.28,111123.57,575722
2018-03-22,111123.57,113099.1,109641.92,110135.8,608489
2018-03-23,107172.51,108654.15,104703.09,105196.98,696815
2018-03-26,105196.98,109148.04,105196.98,107666.39,730771
2018-03-27,110135.8,111617.45,109641.92,110135.8,904837
2018-03-28,109641.92,109641.92,107172.51,107666.39,590380
2018-03-29,108160.27,108654.16,106184.74,107666.39,561254
2018-03-30,109148.04,109641.92,108160.27,108160.27,433535
2018-04-02,108654.16,111123.57,108654.16,109148.04,340315
2018-04-03,108160.27,110629.69,107666.39,109148.04,377188
2018-04-04,109148.04,109641.93,103221.45,103221.45,909945
2018-04-05,104703.1,106184.75,103221.45,103715.34,644490
2018-04-06,104209.21,110135.8,103715.33,109641.92,1519548
2018-04-09,110135.8,111123.57,107172.51,108160.27,727354
2018-04-10,107666.39,107666.39,104209.21,105690.86,958899
2018-04-11,106184.74,106678.62,104209.21,105690.86,533827
2018-04-12,105196.98,106678.62,104209.21,105196.98,861133
2018-04-13,106678.62,107172.51,104703.09,105196.98,517401
2018-04-16,105196.98,105690.87,102727.57,103221.45,519056
2018-04-17,103715.34,105690.87,102727.57,103715.34,473722
2018-04-18,105196.98,105690.87,102727.57,102727.57,561642
2018-04-19,103715.34,105690.87,103221.45,104703.1,726517
2018-04-20,104209.21,109641.92,104209.21,107666.39,1238083
2018-04-23,109148.04,109641.93,102233.69,103221.45,1135766
2018-04-24,103715.33,104209.22,99764.27,100752.04,868864
2018-04-25,100258.16,100258.16,97887.52,98776.51,932572
2018-04-26,99764.27,102233.69,98677.73,99764.27,835327
2018-04-27,102233.69,103221.45,99764.27,100258.16,721921
2018-04-30,101245.92,102233.69,100752.04,100752.04,575630
2018-05-02,101245.92,101739.8,98776.51,100258.16,767053
2018-05-03,100752.04,101739.8,99764.27,101739.8,625844
2018-05-04,101739.8,101739.8,97492.41,97788.74,972728
2018-05-08,98776.51,99764.27,93541.35,93738.91,1398768
2018-05-09,93936.45,94627.89,92356.03,94134.01,863912
2018-05-10,93837.68,96307.09,93541.35,94035.23,751327
2018-05-11,94430.34,97393.64,94430.34,96504.65,758454
2018-05-14,98282.62,99270.39,96010.76,96307.09,829383
2018-05-15,95911.99,96307.1,94035.24,95418.11,814411
2018-05-16,95121.78,96307.1,94924.23,95714.44,430070
2018-05-17,96010.76,97689.97,95813.21,96800.98,602962
2018-05-18,96899.75,97492.41,95813.21,96800.98,473681
2018-05-21,96800.98,97591.19,95714.44,97492.41,556964
2018-05-23,96998.53,98085.07,96899.76,97492.41,615723
2018-05-24,97591.19,99270.39,96109.54,96800.98,652598
2018-05-25,96702.2,97492.41,95418.11,95516.88,523804
2018-05-28,95319.33,96405.87,94134.01,94331.56,519213
2018-05-29,95023.0,95516.89,94331.57,94924.23,403665
2018-05-30,95023.0,97097.31,94627.9,94924.23,733711
2018-05-31,96405.87,96405.87,90874.39,91467.05,1461934
2018-06-01,91368.27,91368.27,86725.78,87120.88,2401034
2018-06-04,87515.99,88602.53,87219.66,87911.09,795419
2018-06-05,88306.2,89689.07,88108.64,89293.96,736301
2018-06-07,89886.62,90676.83,88503.75,89491.52,706966
2018-06-08,89195.18,90182.95,88602.53,88800.08,488599
2018-06-11,88997.64,89195.19,87515.99,87911.09,705279
2018-06-12,88108.65,90281.73,88108.65,88898.86,602030
2018-06-14,90281.73,92948.7,89886.62,92454.81,1444370
2018-06-15,93343.8,93343.8,89689.07,89787.84,990542
2018-06-18,89886.63,91269.5,87417.21,88108.65,767776
2018-06-19,87120.88,88800.08,84058.81,84157.59,1012856
2018-06-20,84058.81,86330.67,83960.03,85145.35,645081
2018-06-21,85244.12,86133.11,80996.73,80996.73,1395643
2018-06-22,80305.3,82083.27,80107.74,81293.06,751430
2018-06-25,81293.07,83960.03,80799.18,83960.03,636705
2018-06-26,83268.6,83663.7,81490.62,82873.49,537279
2018-06-27,82972.27,84256.36,82280.83,82675.94,507804
2018-06-28,81885.73,82280.83,79811.42,79910.2,715235
2018-06-29,80206.52,82083.28,79811.42,81984.5,621098
2018-07-02,82083.28,82083.28,78527.32,78724.88,682443
2018-07-03,79218.76,79910.19,78132.22,78922.43,530738
2018-07-04,78527.32,79317.53,76453.01,76749.34,587475
2018-07-05,76057.91,77835.89,75070.15,76848.12,706939
2018-07-06,76156.68,77342.0,72600.73,74773.81,1722781
2018-07-09,74181.15,77144.45,74181.15,76749.34,799335
2018-07-10,76749.34,78329.77,76453.01,77243.23,712585
2018-07-11,77440.78,77440.78,74872.59,75662.8,759985
2018-07-12,75465.25,75465.25,74181.15,74279.93,946355
2018-07-13,74971.37,76848.12,74971.37,76650.57,935008
2018-07-16,76650.57,77243.23,75465.25,75465.25,553500
2018-07-17,75168.92,78724.88,74279.94,77835.89,1323914
2018-07-18,77638.33,81194.29,77638.33,79712.64,1191864
2018-07-19,80008.97,82083.27,79021.2,81293.06,1164716
2018-07-20,81095.51,82083.28,80008.97,80008.97,829497
2018-07-23,79910.19,80206.52,77144.45,77440.78,739344
2018-07-24,77243.23,80700.4,75860.36,80008.97,991504
2018-07-25,79515.08,81391.84,78823.65,79811.41,772980
2018-07-26,80404.07,81194.29,79317.53,80799.18,725896
2018-07-27,79317.54,79416.31,74872.6,75070.15,2544391
2018-07-30,75366.47,75465.25,73884.82,74279.93,997710
2018-07-31,74477.49,74675.04,73884.83,73884.83,725430
2018-08-01,74576.26,75267.7,74082.38,74378.71,761449
2018-08-02,74181.16,75168.92,73884.83,74181.16,616998
2018-08-03,74477.48,74773.81,73489.72,74279.93,582491
2018-08-06,74477.48,74971.37,73292.17,73489.72,685629
2018-08-07,74082.38,74576.26,73193.39,74181.16,723231
2018-08-08,74477.48,76354.24,74477.48,74971.37,1286104
2018-08-09,75465.25,79515.09,75070.15,79416.31,2132947
2018-08-10,79021.2,79712.64,77737.11,78033.44,961866
2018-08-13,77243.23,77440.78,74872.59,75366.48,840750
2018-08-14,75168.92,75267.7,70032.54,72699.51,2397515
2018-08-16,71612.97,72995.84,70427.65,72403.18,920959
2018-08-17,73193.39,73193.39,71514.19,71514.19,849229
2018-08-20,71909.3,72600.74,71020.31,71316.64,670001
2018-08-21,71415.41,72600.73,69933.76,72501.95,1404794
2018-08-22,72897.07,74675.04,72304.41,72304.41,1110406
2018-08-23,72699.51,73687.27,71810.52,73687.27,879090
2018-08-24,73193.4,74279.94,72501.96,73786.05,815946
2018-08-27,73489.72,74279.93,72798.29,73390.95,863531
2018-08-28,74181.16,74872.6,72699.51,72798.29,903687
2018-08-29,73292.17,76551.79,72699.51,76255.46,1417794
2018-08-30,76354.24,76453.02,74872.59,75465.25,1006172
2018-08-31,74872.59,76156.69,74378.71,75860.36,762868
2018-09-03,75860.35,77835.88,75662.8,75761.58,924434
2018-09-04,76255.46,78230.99,76156.69,77144.45,922362
2018-09-05,76848.12,77539.55,75168.92,75267.7,873220
2018-09-06,74971.37,75267.7,73094.61,73489.72,1144654
2018-09-07,73292.17,74181.16,72501.96,73390.95,670262
2018-09-10,73292.17,73390.94,72106.85,72205.62,858482
2018-09-11,72106.85,73390.94,71612.97,71909.3,712081
2018-09-12,72304.4,72600.73,71020.31,71217.86,852910
2018-09-13,71514.19,71909.3,70230.1,70625.2,971252
2018-09-14,71217.86,71909.29,70822.75,71217.86,809166
2018-09-17,71514.2,72304.41,70921.54,71020.31,521629
2018-09-18,70328.87,70625.2,67563.13,68155.79,2606048
2018-09-19,68550.9,68550.9,67069.25,67365.58,1494446
2018-09-20,67464.35,69143.55,67365.58,68155.79,1194328
2018-09-21,68748.45,69242.33,68254.57,68649.67,760994
2018-09-27,68254.56,69242.33,67661.9,68748.45,897762
2018-09-28,69143.56,71020.31,69044.78,70131.32,1255496
2018-10-01,70131.32,70625.2,69341.11,70230.09,558633
2018-10-02,69834.99,70427.65,69044.78,69044.78,600630
2018-10-04,68847.22,69341.11,67563.13,68155.79,681480
2018-10-05,67760.68,70328.87,67168.02,69637.44,952571
2018-10-08,68748.45,68847.22,66970.47,66970.47,922338
2018-10-10,66377.81,66476.59,64402.28,64402.28,1103556
2018-10-11,61636.54,63118.19,60846.33,61537.77,1441637
2018-10-12,61340.21,64303.51,61340.21,63612.07,1114941
2018-10-15,63612.07,64698.61,63019.41,63513.29,434965
2018-10-16,63513.29,64204.73,62624.31,62723.08,508133
2018-10-17,63710.85,64994.94,63216.97,63809.62,676861
2018-10-18,63908.4,65192.49,63612.07,64105.95,499578
2018-10-19,63612.07,65192.49,62426.75,64896.16,581306
2018-10-22,63809.62,65488.82,63809.62,64896.16,354570
2018-10-23,64402.28,64501.06,62327.98,62821.86,597221
2018-10-24,63414.52,63908.4,62723.08,63710.85,543722
2018-10-25,61932.87,62624.31,60945.11,61932.87,661062
2018-10-26,62327.98,63118.19,59759.79,60352.45,920580
2018-10-29,60154.89,61142.66,58376.92,58673.25,683052
2018-10-30,58080.59,60945.11,58080.59,60451.22,811009
2018-10-31,60747.55,63019.41,60253.67,62525.53,819823
2018-11-01,62920.64,65686.38,62624.31,65192.5,1056023
2018-11-02,65785.15,66871.7,65390.05,66377.81,792881
2018-11-05,66180.26,67168.03,65390.05,66772.92,503725
2018-11-06,66772.92,67958.24,66279.03,67168.02,497920
2018-11-07,67563.13,68353.34,65785.15,66476.59,738870
2018-11-08,67958.24,69834.99,67464.36,69044.78,1080894
2018-11-09,69143.56,71415.42,68847.23,70526.43,1129981
2018-11-12,70131.32,71316.64,69143.56,70328.88,631830
2018-11-13,69341.11,70526.43,67958.24,69341.11,680494
2018-11-14,68748.45,70131.32,67859.46,68649.67,527813
2018-11-16,70032.54,71316.64,69439.88,70921.53,690404
2018-11-19,71316.64,72205.62,70328.87,70723.98,637905
2018-11-20,69933.77,70131.32,68748.45,69637.44,563066
2018-11-21,69044.78,69439.89,68353.34,68847.23,483426
2018-11-22,69637.44,69736.21,67365.58,68353.34,561708
2018-11-23,68649.67,69242.33,68057.02,68550.9,290959
2018-11-26,68649.67,70723.98,68550.9,70328.88,658708
2018-11-27,70822.75,71415.41,70625.2,70921.53,478157
2018-11-28,71217.86,71810.52,70921.53,71514.19,479308
2018-11-29,72600.73,73687.27,72501.96,72897.06,923966
2018-11-30,72897.06,73489.72,71119.09,71612.97,768135
2018-12-03,73094.61,73588.5,72106.85,73489.72,671484
2018-12-04,73292.17,73786.05,72205.63,72304.41,514998
2018-12-05,71217.86,71711.75,70328.88,70822.76,499091
2018-12-06,70427.65,70427.65,67168.03,67760.69,1054851
2018-12-07,68550.9,69044.78,65883.93,66081.48,1100511
2018-12-10,65488.82,66575.37,64007.18,64501.06,806527
2018-12-11,64797.39,66279.04,64698.61,65883.93,626998
2018-12-12,65785.16,67365.58,64797.39,67069.25,681318
2018-12-13,67168.03,67958.24,66279.04,67365.58,816888
2018-12-14,67464.35,67661.91,65488.82,66871.7,517004
2018-12-17,66871.7,68353.35,66081.49,68254.57,442744
2018-12-18,67365.58,67958.24,65982.71,66081.48,627414
2018-12-19,66081.48,66674.14,64303.51,64501.06,885616
2018-12-20,63710.85,63710.85,61043.88,61834.09,1670644
2018-12-21,61241.43,62130.42,61043.88,61636.54,829833
2018-12-24,61241.44,61636.54,60451.22,61043.88,513348
2018-12-26,60253.67,61142.66,59858.56,60550.0,453037
2018-12-27,62500.0,63300.0,61700.0,61900.0,562848
2018-12-28,62300.0,63500.0,62100.0,62300.0,464747
2019-01-02,63300.0,64200.0,62700.0,62800.0,568844
2019-01-03,63100.0,64100.0,62100.0,62900.0,604561
2019-01-04,63000.0,63400.0,61100.0,62200.0,602100
2019-01-07,63100.0,64700.0,62700.0,64200.0,660173
2019-01-08,63700.0,63700.0,61200.0,61900.0,1338626
2019-01-09,61700.0,63700.0,61600.0,63200.0,950285
2019-01-10,63100.0,66000.0,62700.0,65600.0,1065551
2019-01-11,65700.0,66500.0,65200.0,66000.0,601380
2019-01-14,66000.0,66400.0,65000.0,65900.0,401456
2019-01-15,65600.0,66500.0,65300.0,65800.0,560337
2019-01-16,66000.0,67600.0,66000.0,66500.0,565004
2019-01-17,66800.0,67600.0,66000.0,66100.0,467844
2019-01-18,66800.0,67300.0,66300.0,67000.0,488762
2019-01-21,67700.0,68100.0,65800.0,66400.0,614764
2019-01-22,66400.0,66900.0,64100.0,64500.0,997141
2019-01-23,64400.0,65700.0,64300.0,65200.0,587708
2019-01-24,65100.0,65800.0,64800.0,65200.0,620651
2019-01-25,65200.0,69800.0,65200.0,69500.0,1749374
2019-01-28,69600.0,70200.0,67600.0,67700.0,809802
2019-01-29,67400.0,67400.0,66200.0,67400.0,845170
2019-01-30,68000.0,68500.0,66800.0,67600.0,825346
2019-01-31,68100.0,68400.0,66200.0,66600.0,903199
2019-02-01,66300.0,66300.0,65200.0,65400.0,1039069
2019-02-07,65900.0,66400.0,65300.0,65900.0,663706
2019-02-08,65500.0,65700.0,64700.0,64800.0,690327
2019-02-11,65000.0,69600.0,64900.0,69300.0,1987125
2019-02-12,70300.0,72900.0,70300.0,71900.0,2499697
2019-02-13,72700.0,73900.0,71900.0,72100.0,1310740
2019-02-14,70500.0,73000.0,70500.0,72300.0,799937
2019-02-15,72700.0,73000.0,71400.0,72000.0,598744
2019-02-18,73200.0,73400.0,71100.0,72000.0,585460
2019-02-19,72000.0,73000.0,71000.0,72300.0,520978
2019-02-20,72400.0,73200.0,72300.0,72700.0,503913
2019-02-21,72800.0,73500.0,72100.0,73000.0,678067
2019-02-22,72900.0,73300.0,72100.0,73200.0,534335
2019-02-25,73500.0,73600.0,70500.0,71300.0,1097013
2019-02-26,71300.0,71700.0,70400.0,70500.0,509895
2019-02-27,70500.0,72500.0,70000.0,72200.0,782090
2019-02-28,72500.0,72500.0,70400.0,70500.0,882603
2019-03-04,70800.0,71800.0,70800.0,71200.0,474980
2019-03-05,70900.0,72000.0,70300.0,71300.0,417224
2019-03-06,72300.0,74600.0,72300.0,74400.0,1630920
2019-03-07,75200.0,76700.0,74200.0,75100.0,1846111
2019-03-08,75000.0,76100.0,73300.0,73700.0,734055
2019-03-11,74000.0,75900.0,73000.0,75300.0,796316
2019-03-12,75700.0,76100.0,74200.0,74400.0,642759
2019-03-13,74500.0,76300.0,74300.0,76300.0,671827
2019-03-14,76600.0,78100.0,75800.0,77500.0,1256548
2019-03-15,77600.0,78200.0,77000.0,77200.0,922796
2019-03-18,78000.0,78800.0,77400.0,78200.0,585035
2019-03-19,78100.0,78600.0,75300.0,76100.0,874127
2019-03-20,76500.0,77500.0,76000.0,77400.0,623145
2019-03-21,77400.0,77400.0,73800.0,74100.0,1570980
2019-03-22,74100.0,76200.0,72800.0,76100.0,1456647
2019-03-25,74900.0,75100.0,73000.0,73000.0,806732
2019-03-26,73800.0,75100.0,73000.0,73300.0,778354
2019-03-27,74000.0,74900.0,73800.0,73900.0,511443
2019-03-28,73600.0,74300.0,71800.0,72200.0,838816
2019-03-29,72500.0,75100.0,72500.0,75100.0,1064758
2019-04-01,75500.0,76800.0,75100.0,76800.0,626814
2019-04-02,77000.0,78100.0,75500.0,75900.0,691913
2019-04-03,76000.0,77700.0,76000.0,76500.0,887694
2019-04-04,77100.0,77100.0,75000.0,75600.0,794535
2019-04-05,75600.0,77500.0,74500.0,75800.0,1051488
2019-04-08,76500.0,77300.0,75500.0,76400.0,763891
2019-04-09,77200.0,77900.0,76400.0,77600.0,1049976
2019-04-10,77500.0,78400.0,76800.0,77200.0,863213
2019-04-11,78000.0,78000.0,76800.0,77400.0,603065
2019-04-12,77600.0,77800.0,75800.0,76000.0,806869
2019-04-15,76600.0,77100.0,76000.0,76600.0,630842
2019-04-16,76400.0,78000.0,76300.0,77900.0,767127
2019-04-17,77900.0,78000.0,75700.0,75900.0,996833
2019-04-18,75900.0,76500.0,73800.0,74000.0,935012
2019-04-19,74600.0,74900.0,73600.0,73900.0,451650
2019-04-22,74400.0,74500.0,73100.0,73500.0,422266
2019-04-23,73000.0,74300.0,73000.0,74200.0,456648
2019-04-24,75400.0,75400.0,73500.0,73700.0,611885
2019-04-25,74200.0,77000.0,74100.0,77000.0,1382565
2019-04-26,76200.0,76800.0,74500.0,74800.0,666597
2019-04-29,75100.0,75900.0,74700.0,75900.0,413655
2019-04-30,75900.0,76200.0,74700.0,75800.0,476352
2019-05-02,75300.0,76900.0,75300.0,76800.0,574899
2019-05-03,76500.0,77200.0,75900.0,76600.0,409579
2019-05-07,75200.0,77400.0,75100.0,77000.0,685250
2019-05-08,76300.0,77100.0,75900.0,76300.0,469011
2019-05-09,76100.0,76500.0,73300.0,73300.0,882026
2019-05-10,73300.0,74100.0,71700.0,72400.0,889534
2019-05-13,72400.0,72500.0,70200.0,70400.0,863415
2019-05-14,69800.0,72200.0,69700.0,71500.0,675293
2019-05-15,71500.0,72800.0,71400.0,72500.0,481239
2019-05-16,72500.0,73300.0,70300.0,71000.0,797872
2019-05-17,71600.0,72700.0,70600.0,70900.0,577604
2019-05-20,71500.0,71800.0,70400.0,70500.0,455147
2019-05-21,70000.0,74000.0,70000.0,72900.0,977936
2019-05-22,73800.0,74000.0,72300.0,73100.0,570131
2019-05-23,74300.0,75700.0,73600.0,75300.0,1020203
2019-05-24,75300.0,76900.0,75300.0,76300.0,996814
2019-05-27,76000.0,77100.0,75500.0,76600.0,534540
2019-05-28,76800.0,77800.0,76600.0,77500.0,849444
2019-05-29,77300.0,77600.0,76000.0,77000.0,566640
2019-05-30,77500.0,78400.0,77100.0,78400.0,595073
2019-05-31,78400.0,79000.0,76900.0,78600.0,964303
2019-06-03,78300.0,81000.0,77700.0,81000.0,1199365
2019-06-04,81100.0,81200.0,78600.0,78600.0,746768
2019-06-05,79400.0,79800.0,77300.0,77600.0,686357
2019-06-07,78000.0,79300.0,77900.0,78300.0,586903
2019-06-10,79100.0,79200.0,76500.0,77900.0,788511
2019-06-11,79100.0,82600.0,78600.0,82600.0,1765695
2019-06-12,82600.0,83400.0,81400.0,82000.0,621262
2019-06-13,82500.0,82500.0,80500.0,81900.0,616931
2019-06-14,81500.0,81700.0,79800.0,80700.0,697659
2019-06-17,80500.0,82600.0,80400.0,80700.0,511634
2019-06-18,81100.0,81600.0,80700.0,81300.0,336762
2019-06-19,82000.0,82200.0,80000.0,80800.0,600944
2019-06-20,80700.0,81500.0,80000.0,80500.0,426167
2019-06-21,80500.0,81100.0,79800.0,80400.0,479526
2019-06-24,81000.0,81300.0,80300.0,81300.0,340793
2019-06-25,81200.0,81300.0,79600.0,80300.0,399565
2019-06-26,79600.0,79900.0,78100.0,79300.0,599410
2019-06-27,79500.0,80400.0,79100.0,79700.0,494293
2019-06-28,79600.0,80500.0,78900.0,79300.0,517996
2019-07-01,78400.0,78400.0,76300.0,76700.0,1219190
2019-07-02,76900.0,77500.0,76500.0,77400.0,559142
2019-07-03,77500.0,77800.0,76300.0,76300.0,436849
2019-07-04,76700.0,77200.0,75700.0,76600.0,264621
2019-07-05,76600.0,77200.0,72500.0,72600.0,1835388
2019-07-08,71900.0,72100.0,70000.0,71500.0,1088645
2019-07-09,71500.0,72000.0,70300.0,70600.0,588749
2019-07-10,70500.0,71700.0,70500.0,70600.0,733489
2019-07-11,70800.0,71400.0,69900.0,70600.0,756217
2019-07-12,70800.0,71100.0,70400.0,70800.0,390397
2019-07-15,70700.0,70800.0,69800.0,70300.0,441059
2019-07-16,70300.0,70800.0,69500.0,70000.0,568181
2019-07-17,70300.0,71500.0,70200.0,71100.0,630890
2019-07-18,70800.0,71000.0,68700.0,69100.0,1023088
2019-07-19,69700.0,70900.0,69300.0,70600.0,582803
2019-07-22,70600.0,71300.0,70300.0,70700.0,398652
2019-07-23,70800.0,71200.0,70600.0,70800.0,362832
2019-07-24,70600.0,71000.0,69900.0,70000.0,317197
2019-07-25,69800.0,70400.0,69300.0,69700.0,458863
2019-07-26,69000.0,69600.0,68100.0,68600.0,614213
2019-07-29,68300.0,69700.0,68000.0,68600.0,377474
2019-07-30,68400.0,68700.0,67400.0,67500.0,505505
2019-07-31,67100.0,67500.0,64600.0,65300.0,1247381
2019-08-01,64100.0,65300.0,64000.0,64100.0,676243
2019-08-02,63100.0,64900.0,62800.0,63600.0,816748
2019-08-05,62800.0,63300.0,61600.0,61600.0,806856
2019-08-06,59300.0,62200.0,59200.0,60200.0,1042821
2019-08-07,60300.0,61100.0,59100.0,59600.0,837509
2019-08-08,60300.0,60500.0,59600.0,59600.0,864002
2019-08-09,60500.0,61500.0,60100.0,60300.0,641409
2019-08-12,60600.0,60900.0,60100.0,60500.0,350227
2019-08-13,60000.0,60500.0,59600.0,59800.0,405225
2019-08-14,60500.0,60800.0,59800.0,60100.0,513745
2019-08-16,59700.0,60000.0,58500.0,59900.0,466335
2019-08-19,60300.0,60800.0,60100.0,60300.0,306761
2019-08-20,60400.0,60900.0,60200.0,60800.0,339259
2019-08-21,60600.0,60900.0,60100.0,60700.0,369160
2019-08-22,60700.0,61500.0,60600.0,60600.0,465946
2019-08-23,60600.0,61000.0,60000.0,60700.0,300527
2019-08-26,59800.0,60000.0,59500.0,59500.0,385090
2019-08-27,60000.0,60500.0,59100.0,59200.0,611051
2019-08-28,59500.0,60500.0,59500.0,60300.0,319818
2019-08-29,60500.0,60500.0,59500.0,59800.0,245916
2019-08-30,60300.0,61800.0,60000.0,61300.0,624060
2019-09-02,61100.0,61500.0,60700.0,61400.0,253018
2019-09-03,61400.0,62000.0,60900.0,61700.0,450012
2019-09-04,61300.0,62100.0,60700.0,62100.0,385424
2019-09-05,62300.0,62600.0,61800.0,62300.0,691827
2019-09-06,62700.0,62800.0,61900.0,62000.0,299704
2019-09-09,61800.0,62000.0,61200.0,61300.0,468845
2019-09-10,61300.0,65500.0,61300.0,64900.0,1293106
2019-09-11,65000.0,65600.0,63700.0,64500.0,1005230
2019-09-16,65700.0,66500.0,65000.0,66200.0,935319
2019-09-17,65400.0,65800.0,65000.0,65600.0,495985
2019-09-18,65800.0,66900.0,65400.0,66100.0,454311
2019-09-19,66600.0,66700.0,64800.0,65200.0,582024
2019-09-20,65200.0,65900.0,64800.0,65900.0,499133
2019-09-23,65800.0,65800.0,65000.0,65100.0,348446
2019-09-24,64800.0,67200.0,64800.0,66800.0,676438
2019-09-25,66400.0,66900.0,65800.0,66200.0,330788
2019-09-26,66600.0,68100.0,66500.0,67100.0,579805
2019-09-27,67300.0,67300.0,66200.0,66700.0,293599
2019-09-30,66300.0,67600.0,66000.0,67400.0,364683
2019-10-01,67200.0,67300.0,66200.0,66500.0,488507
2019-10-02,66500.0,66900.0,66000.0,66300.0,394430
2019-10-04,66100.0,66900.0,65800.0,66400.0,352541
2019-10-07,66400.0,69700.0,66400.0,69400.0,955986
2019-10-08,69600.0,69600.0,67900.0,68300.0,894099
2019-10-10,67900.0,69000.0,67800.0,68300.0,808616
2019-10-11,69100.0,69500.0,68700.0,68800.0,374565
2019-10-14,69600.0,70100.0,68800.0,68900.0,360306
2019-10-15,68900.0,69600.0,68800.0,69500.0,442758
2019-10-16,70000.0,70300.0,69700.0,70300.0,392730
2019-10-17,70300.0,70300.0,68300.0,68800.0,541697
2019-10-18,68600.0,69500.0,68400.0,68800.0,293636
2019-10-21,69300.0,69400.0,68700.0,69100.0,208431
2019-10-22,69100.0,69700.0,69100.0,69400.0,283529
2019-10-23,69200.0,69400.0,68400.0,68600.0,290288
2019-10-24,68800.0,69200.0,68000.0,69000.0,327266
2019-10-25,68600.0,69100.0,67600.0,68200.0,415169
2019-10-28,68700.0,69200.0,68400.0,68800.0,204867
2019-10-29,69400.0,69600.0,68800.0,69000.0,307860
2019-10-30,69300.0,69600.0,68200.0,68500.0,332728
2019-10-31,68800.0,69600.0,66600.0,66900.0,1094750
2019-11-01,66800.0,67400.0,66100.0,67200.0,404075
2019-11-04,67700.0,67800.0,67100.0,67100.0,450676
2019-11-05,67200.0,68400.0,67200.0,68300.0,549499
2019-11-06,68500.0,69000.0,68200.0,68700.0,417686
2019-11-07,68600.0,69400.0,68200.0,69100.0,427382
2019-11-08,69300.0,69800.0,68800.0,69400.0,353530
2019-11-11,69400.0,69600.0,68600.0,69300.0,278287
2019-11-12,69400.0,69900.0,68600.0,69000.0,311635
2019-11-13,69000.0,69000.0,67900.0,68800.0,366473
2019-11-15,69000.0,70700.0,69000.0,70500.0,728818
2019-11-18,70700.0,72200.0,70400.0,71500.0,609015
2019-11-19,71200.0,72500.0,70900.0,71900.0,538536
2019-11-20,71500.0,71800.0,70300.0,70900.0,479826
2019-11-21,70700.0,71300.0,69700.0,70400.0,475086
2019-11-22,70200.0,70600.0,69500.0,70100.0,267673
2019-11-25,70500.0,71400.0,70200.0,71400.0,380355
2019-11-26,71400.0,71900.0,70900.0,70900.0,697121
2019-11-27,71500.0,72000.0,71000.0,71500.0,292977
2019-11-28,71400.0,71600.0,70200.0,71000.0,259491
2019-11-29,71200.0,71200.0,69700.0,69900.0,350465
2019-12-02,70000.0,70400.0,69800.0,70300.0,237237
2019-12-03,69800.0,70500.0,69400.0,70500.0,217447
2019-12-04,69600.0,70100.0,69400.0,70000.0,294889
2019-12-05,70200.0,70600.0,69300.0,70000.0,295956
2019-12-06,69700.0,70200.0,69500.0,70200.0,272392
2019-12-09,70400.0,70500.0,68700.0,69100.0,436982
2019-12-10,69300.0,71200.0,69200.0,71200.0,575566
2019-12-11,71400.0,71500.0,70400.0,71200.0,339949
2019-12-12,71200.0,72100.0,71000.0,71700.0,979009
2019-12-13,72500.0,72800.0,72100.0,72200.0,405472
2019-12-16,72200.0,72400.0,71700.0,72000.0,271523
2019-12-17,72200.0,73100.0,72100.0,72400.0,455261
2019-12-18,72400.0,72900.0,71700.0,72500.0,399504
2019-12-19,72200.0,72600.0,71800.0,72500.0,302037
2019-12-20,72700.0,72700.0,71600.0,72500.0,403031
2019-12-23,72600.0,72600.0,71900.0,72500.0,257344
2019-12-24,72500.0,72700.0,71900.0,71900.0,220741
2019-12-26,72000.0,72200.0,71200.0,71300.0,372424
2019-12-27,71300.0,72100.0,71100.0,71800.0,498244
2019-12-30,71800.0,72200.0,71600.0,72100.0,283273
2020-01-02,71800.0,72100.0,71000.0,71000.0,284758
2020-01-03,71400.0,71900.0,70800.0,71100.0,369493
2020-01-06,70300.0,70500.0,69600.0,69900.0,337026
2020-01-07,69800.0,70600.0,69800.0,70300.0,265311
2020-01-08,70300.0,70300.0,67000.0,67500.0,937438
2020-01-09,68100.0,68300.0,66100.0,66600.0,1565867
2020-01-10,67000.0,67500.0,66400.0,66800.0,797710
2020-01-13,66900.0,67000.0,66200.0,66600.0,600906
2020-01-14,67200.0,69400.0,67100.0,68300.0,1081428
2020-01-15,68800.0,70000.0,68600.0,69600.0,698052
2020-01-16,69800.0,70000.0,68900.0,69900.0,440562
2020-01-17,69800.0,70200.0,68900.0,69200.0,464204
2020-01-20,69600.0,71700.0,69400.0,71200.0,894609
2020-01-21,71400.0,71600.0,70100.0,70100.0,379059
2020-01-22,69800.0,70500.0,68600.0,70400.0,546215
2020-01-23,69600.0,69700.0,68600.0,69000.0,604024
2020-01-28,66600.0,67500.0,66600.0,67100.0,729302
2020-01-29,67100.0,68000.0,66900.0,67200.0,585990
2020-01-30,67000.0,67800.0,66900.0,67200.0,549972
2020-01-31,67200.0,67600.0,65800.0,65900.0,697360
2020-02-03,65400.0,65600.0,64100.0,64900.0,797729
2020-02-04,64400.0,65400.0,64400.0,65100.0,716163
2020-02-05,65600.0,65700.0,64800.0,65200.0,657342
2020-02-06,65600.0,67000.0,65500.0,66800.0,635295
2020-02-07,66700.0,67400.0,66500.0,67300.0,519466
2020-02-10,67000.0,67000.0,66100.0,67000.0,364246
2020-02-11,67500.0,67600.0,66800.0,67200.0,462160
2020-02-12,67000.0,68300.0,67000.0,67900.0,487071
2020-02-13,68200.0,68400.0,67000.0,67100.0,699540
2020-02-14,67200.0,67600.0,66700.0,67000.0,354348
2020-02-17,66900.0,67300.0,66000.0,67000.0,560384
2020-02-18,67900.0,70000.0,67700.0,68900.0,1338368
2020-02-19,69300.0,69400.0,68000.0,68800.0,636116
2020-02-20,68700.0,69000.0,66700.0,67200.0,677402
2020-02-21,66000.0,67000.0,65800.0,66100.0,531902
2020-02-24,64800.0,65000.0,63100.0,63300.0,874557
2020-02-25,62200.0,63500.0,62100.0,63000.0,956415
2020-02-26,62100.0,63700.0,61500.0,63300.0,607215
2020-02-27,63000.0,63600.0,62000.0,62400.0,524379
2020-02-28,61400.0,61700.0,60000.0,60400.0,932828
2020-03-02,60300.0,61200.0,59600.0,60100.0,711979
2020-03-03,61500.0,61700.0,60000.0,60200.0,587763
2020-03-04,60100.0,61200.0,60100.0,60600.0,520867
2020-03-05,61300.0,61900.0,60800.0,61500.0,573595
2020-03-06,60900.0,61100.0,60200.0,60300.0,542438
2020-03-09,60300.0,60300.0,60300.0,60300.0,0
2020-03-10,58800.0,61400.0,58400.0,60000.0,1500440
2020-03-11,60000.0,61000.0,58100.0,59000.0,938290
2020-03-12,59000.0,59000.0,59000.0,59000.0,0
2020-03-13,51100.0,54500.0,50600.0,52500.0,1968749
2020-03-16,53100.0,54200.0,50400.0,50400.0,948845
2020-03-17,48000.0,52000.0,48000.0,49450.0,1004008
2020-03-18,50200.0,50800.0,47700.0,48000.0,886739
2020-03-19,48900.0,49600.0,43650.0,43650.0,1601945
2020-03-20,44600.0,45700.0,43550.0,45100.0,1539670
2020-03-23,42350.0,42850.0,41600.0,41850.0,1186795
2020-03-24,42700.0,44450.0,42200.0,44400.0,1316623
2020-03-25,48400.0,48850.0,46800.0,48500.0,1506779
2020-03-26,49450.0,51300.0,48600.0,49000.0,1377158
2020-03-27,51300.0,51500.0,48000.0,49400.0,1110394
2020-03-30,48400.0,49200.0,47100.0,48500.0,937027
2020-03-31,49100.0,49500.0,47600.0,48200.0,1106424
2020-04-01,48250.0,50800.0,47850.0,48100.0,1298461
2020-04-02,49100.0,50000.0,48500.0,49300.0,1071663
2020-04-03,50100.0,51200.0,49200.0,49850.0,963015
2020-04-06,50400.0,51100.0,49900.0,51100.0,868309
2020-04-07,52500.0,55600.0,50900.0,54500.0,2123508
2020-04-08,54800.0,54800.0,53300.0,53300.0,1593974
2020-04-09,54200.0,54300.0,53300.0,54200.0,926771
2020-04-10,54100.0,54100.0,53300.0,53800.0,687486
2020-04-13,53800.0,54100.0,52800.0,53200.0,626957
2020-04-14,53600.0,53900.0,53000.0,53600.0,922591
2020-04-16,53100.0,53600.0,52500.0,53500.0,788724
2020-04-17,54300.0,55900.0,53900.0,54500.0,1414373
2020-04-20,54700.0,54800.0,53500.0,53800.0,809110
2020-04-21,53400.0,53500.0,51700.0,52600.0,1029388
2020-04-22,52000.0,52400.0,51300.0,52400.0,727548
2020-04-23,52700.0,53500.0,52500.0,53300.0,702412
2020-04-24,52800.0,53200.0,52300.0,52600.0,529035
2020-04-27,52800.0,53800.0,52700.0,53400.0,561740
2020-04-28,53800.0,54500.0,53100.0,53600.0,712240
2020-04-29,53900.0,55100.0,53600.0,54900.0,1017067
2020-05-04,54000.0,55800.0,53400.0,55200.0,1119161
2020-05-06,56300.0,56400.0,55200.0,55500.0,805783
2020-05-07,55100.0,55100.0,54100.0,54700.0,754248
2020-05-08,55000.0,55500.0,54900.0,55200.0,632501
2020-05-11,55400.0,55700.0,54300.0,54500.0,536547
2020-05-12,54600.0,55400.0,54000.0,54500.0,707739
2020-05-13,53800.0,55000.0,53600.0,55000.0,577061
2020-05-14,54500.0,54900.0,53900.0,54200.0,593689
2020-05-15,54200.0,54500.0,53400.0,54400.0,504474
2020-05-18,54800.0,56400.0,54400.0,56400.0,1005066
2020-05-19,57800.0,58600.0,57200.0,58200.0,1138915
2020-05-20,57700.0,58000.0,57100.0,58000.0,552137
2020-05-21,58000.0,58300.0,57000.0,57200.0,709139
2020-05-22,57200.0,57300.0,55900.0,56300.0,518452
2020-05-25,56600.0,56600.0,55400.0,56100.0,478311
2020-05-26,56300.0,57800.0,56200.0,57100.0,674912
2020-05-27,57500.0,60000.0,57400.0,59500.0,1707086
2020-05-28,59700.0,59800.0,57400.0,58500.0,1094166
2020-05-29,57900.0,59300.0,57500.0,59300.0,900113
2020-06-01,59000.0,59500.0,58500.0,59200.0,550906
2020-06-02,59200.0,61000.0,59200.0,60000.0,846026
2020-06-03,60500.0,62400.0,60500.0,62100.0,1433963
2020-06-04,62800.0,63100.0,61200.0,62200.0,934862
2020-06-05,62200.0,63000.0,61700.0,63000.0,860924
2020-06-08,64500.0,64500.0,63000.0,64000.0,975466
2020-06-09,64800.0,67100.0,64500.0,66600.0,1897513
2020-06-10,67400.0,70400.0,66600.0,70100.0,2744224
2020-06-11,69500.0,70800.0,67500.0,69000.0,1942350
2020-06-12,65300.0,68900.0,65200.0,67800.0,1689624
2020-06-15,67000.0,67100.0,62800.0,62900.0,1545344
2020-06-16,65100.0,66100.0,64400.0,65200.0,1220699
2020-06-17,64700.0,68300.0,64600.0,68200.0,1576915
2020-06-18,68000.0,69200.0,66900.0,67800.0,946224
2020-06-19,68500.0,68800.0,65900.0,68800.0,861053
2020-06-22,67900.0,68500.0,67300.0,67500.0,632910
2020-06-23,68100.0,68100.0,65000.0,66600.0,849668
2020-06-24,66400.0,68000.0,66200.0,67000.0,622511
2020-06-25,65600.0,66000.0,64600.0,64700.0,798688
2020-06-26,65500.0,65500.0,64500.0,64700.0,528872
2020-06-29,63800.0,64000.0,62500.0,63500.0,756841
2020-06-30,64000.0,64500.0,63200.0,63200.0,648411
2020-07-01,64000.0,65400.0,63600.0,64400.0,564319
2020-07-02,64500.0,65200.0,64000.0,64600.0,451291
2020-07-03,65000.0,65400.0,64100.0,65000.0,494161
2020-07-06,65500.0,68800.0,65000.0,68100.0,1461414
2020-07-07,69400.0,69500.0,64600.0,65500.0,1720050
2020-07-08,66200.0,67900.0,65600.0,66400.0,1111546
2020-07-09,67500.0,68400.0,67100.0,67700.0,984866
2020-07-10,68100.0,68600.0,66500.0,68200.0,781290
2020-07-13,69200.0,69400.0,68200.0,68500.0,569857
2020-07-14,68700.0,71200.0,68600.0,70800.0,1780194
2020-07-15,71700.0,75000.0,71600.0,74900.0,2504840
2020-07-16,75100.0,76000.0,73000.0,74500.0,1184023
2020-07-17,75100.0,76700.0,74200.0,75700.0,1266762
2020-07-20,75600.0,76200.0,74500.0,76000.0,901831
2020-07-21,76200.0,76300.0,74600.0,74900.0,912127
2020-07-22,75000.0,76300.0,74500.0,75000.0,801570
2020-07-23,74800.0,74800.0,73100.0,74100.0,759138
2020-07-24,73400.0,75200.0,73000.0,74100.0,698830
2020-07-27,73700.0,75300.0,73300.0,73600.0,568984
2020-07-28,74000.0,74200.0,72100.0,72500.0,975596
2020-07-29,72500.0,73400.0,71700.0,72000.0,801968
